upload_date	period	course	tags	title	url	views
20260521			コプター|カメラ系|非GPS|大型/産業機|自律/ミッション|測量/点検	APDC in KAGA (加賀）（年１のArduPilotグローバルエンジニア会議）での「Indoor autoフライト Demo」　#ドローンエンジニア #自律飛行 #UAV	https://www.youtube.com/watch?v=co8qLUNDZh0	30
20260206	20	3	機体製作(ハード)|プログラムチャレンジ|大型/産業機|障害物回避	ドローンエンジニア養成塾 第２０期 コース３　大田さんインタビュー	https://www.youtube.com/watch?v=6QNbOwC3-tY	58
20260206	20	3	機体製作(ハード)|プログラムチャレンジ|Web系|自律/ミッション|シミュレータ	ドローンエンジニア養成塾 第２０期 コース３　野田さんインタビュー	https://www.youtube.com/watch?v=F4S6WC1g8qg	58
20260206	20	2	機体製作(ハード)|カメラ系|Web系|障害物回避	ドローンエンジニア養成塾 第２０期 コース２　中村さんインタビュー	https://www.youtube.com/watch?v=tjp-xC8Dhhc	48
20260206	20	2	プログラムチャレンジ|大型/産業機|測量/点検	ドローンエンジニア養成塾 第２０期 コース２　松下さんインタビュー	https://www.youtube.com/watch?v=tK7TAFMUPQA	72
20260206	20	1	自律/ミッション	ドローンエンジニア養成塾 第２０期 コース１　青田さんインタビュー	https://www.youtube.com/watch?v=hUGYFKFipaA	66
20251223	20		コプター|機体製作(ハード)|プログラムチャレンジ|自律/ミッション|測量/点検	ドローンエンジニア養成塾 第２０期 保木井さん	https://www.youtube.com/watch?v=DXzYVHZrKKs	36
20251223	20		コプター|機体製作(ハード)|プログラムチャレンジ|自律/ミッション|シミュレータ	ドローンエンジニア養成塾 第２０期 大田さん  ２/２	https://www.youtube.com/watch?v=ly86PQhaAVE	34
20251223	20		ローバー|機体製作(ハード)|プログラムチャレンジ|カメラ系|Web系|障害物回避	ドローンエンジニア養成塾 第２０期 中村さん  2/2	https://www.youtube.com/watch?v=vkeo2WP8e3w	37
20251223	20		ローバー|機体製作(ハード)|プログラムチャレンジ|カメラ系|Web系|コンパニオン|自律/ミッション|障害物回避	ドローンエンジニア養成塾 第２０期 中村さん  1/2	https://www.youtube.com/watch?v=746AVacsMC0	34
20250927			機体製作(ハード)|プログラムチャレンジ|カメラ系|Web系|コンパニオン|自律/ミッション|シミュレータ|AI/機械学習	Zoom ウェビナー　「ドローンオープンソース x AI が創るイノベーション」	https://www.youtube.com/watch?v=RBz5lvz_x2Q	252
20250808	19	3	機体製作(ハード)|プログラムチャレンジ	ドローンエンジニア養成塾１９期　コース３インタビュー　稲垣さん	https://www.youtube.com/watch?v=wGrRoYCjtZs	41
20250808	19	2	機体製作(ハード)|プログラムチャレンジ|カメラ系|Web系|コンパニオン	ドローンエンジニア養成塾１９期　コース２インタビュー　大田さん	https://www.youtube.com/watch?v=_2juFlQOzRQ	23
20250808	19	1	機体製作(ハード)|カメラ系|障害物回避	ドローンエンジニア養成塾１９期　コース１＆２ インタビュー　長力さん	https://www.youtube.com/watch?v=FPQLw0v1VWA	54
20250808	10		コプター|障害物回避	ドローンエンジニア養成塾 第10期  講師デモ 藤川さん (2020/10/31 軽井沢キックオフ)	https://www.youtube.com/watch?v=Lz7_06fkYqo	40
20250808	10		コプター|機体製作(ハード)|プログラムチャレンジ|自律/ミッション|測量/点検	ドローンエンジニア養成塾 第10期  講師デモ 高山さん (2020/10/31 軽井沢キックオフ)	https://www.youtube.com/watch?v=rcOaQoxyY54	32
20250808	10		プログラムチャレンジ|自律/ミッション	ドローンエンジニア養成塾 第10期  講師デモ 川村さん (2020/10/31 軽井沢キックオフ)	https://www.youtube.com/watch?v=UFNnNiCpS-c	16
20250808	10		コプター|機体製作(ハード)	ドローンエンジニア養成塾 第10期フライトエクスペリエンス　DIY１ 渋谷さん1/2	https://www.youtube.com/watch?v=vM3Xu7XGtfE	18
20250808	10		コプター|機体製作(ハード)	ドローンエンジニア養成塾 第10期フライトエクスペリエンス　DIY１ 渋谷さん2/2	https://www.youtube.com/watch?v=QxqfTzw4mtc	18
20250808	10		コプター|機体製作(ハード)	ドローンエンジニア養成塾 第10期フライトエクスペリエンス　DIY2 庄司さん1/2	https://www.youtube.com/watch?v=QAmWUanPboU	7
20250808	10		コプター|機体製作(ハード)	ドローンエンジニア養成塾 第10期フライトエクスペリエンス　DIY2 庄司さん2/2	https://www.youtube.com/watch?v=44lgrDP-AY4	10
20250808	10		コプター|機体製作(ハード)|障害物回避|測量/点検	ドローンエンジニア養成塾 第10期フライトエクスペリエンス　DIY3 鈴木健太さん1/2	https://www.youtube.com/watch?v=bjRtgYPtSqg	7
20250808	10		コプター|機体製作(ハード)|障害物回避|測量/点検	ドローンエンジニア養成塾 第10期フライトエクスペリエンス　DIY3 鈴木健太さん 2/2	https://www.youtube.com/watch?v=VqgObGtAa4M	8
20250808	10		コプター|機体製作(ハード)|カメラ系	ドローンエンジニア養成塾 第10期フライトエクスペリエンス　DIY4 小西さん 1/2	https://www.youtube.com/watch?v=ld7XU1daWQg	12
20250808	10		コプター|機体製作(ハード)|プログラムチャレンジ|カメラ系	ドローンエンジニア養成塾 第10期フライトエクスペリエンス　DIY4 小西さん 2/2	https://www.youtube.com/watch?v=lB8cmNRZCbg	9
20250808	10		コプター|機体製作(ハード)|自律/ミッション	ドローンエンジニア養成塾 第10期フライトエクスペリエンス　DIY5 栗原さん&吉田さん  １/2	https://www.youtube.com/watch?v=MbAiM184AsU	9
20250808	10		コプター|機体製作(ハード)|小型機|自律/ミッション	ドローンエンジニア養成塾 第10期フライトエクスペリエンス　DIY5 栗原さん&吉田さん  2/2	https://www.youtube.com/watch?v=7pTVNH7oQZA	13
20250808	10		コプター|機体製作(ハード)|カメラ系|コンパニオン|小型機|自律/ミッション	ドローンエンジニア養成塾 第10期フライトエクスペリエンス　DIY6 奥野さん  1/2	https://www.youtube.com/watch?v=QfVRWeaWOiI	13
20250808	10		コプター|機体製作(ハード)|カメラ系|コンパニオン|自律/ミッション	ドローンエンジニア養成塾 第10期フライトエクスペリエンス　DIY6 奥野さん  2/2	https://www.youtube.com/watch?v=Ih6pJy-7BVU	24
20250808	10		コプター|機体製作(ハード)	ドローンエンジニア養成塾 第10期フライトエクスペリエンス　DIY7 山下さん 1/2	https://www.youtube.com/watch?v=nSANratPRMo	5
20250808	10		コプター|機体製作(ハード)	ドローンエンジニア養成塾 第10期フライトエクスペリエンス　DIY7 山下さん 2/2	https://www.youtube.com/watch?v=6CACeZVzZCc	6
20250808	10		コプター|機体製作(ハード)|プログラムチャレンジ|カメラ系|Web系|自律/ミッション	ドローンエンジニア養成塾 第10期フライトエクスペリエンス　DIY8 小西さん 1/2	https://www.youtube.com/watch?v=37pPVdp3WSk	14
20250808	10		コプター|機体製作(ハード)|自律/ミッション	ドローンエンジニア養成塾 第10期フライトエクスペリエンス　DIY8 小西さん 2/2	https://www.youtube.com/watch?v=xKObYq-CLzk	15
20250808	10		コプター|機体製作(ハード)|カメラ系|Web系	ドローンエンジニア養成塾 第10期フライトエクスペリエンス　DIY9 小西さん 2/2	https://www.youtube.com/watch?v=K4tfpLdbkmc	11
20250808	10		コプター|機体製作(ハード)|プログラムチャレンジ|カメラ系|Web系	ドローンエンジニア養成塾 第10期フライトエクスペリエンス　DIY9 小西さん 1/2	https://www.youtube.com/watch?v=X6FeDRMMxWQ	13
20250808	10	1	コプター|機体製作(ハード)|プログラムチャレンジ|自律/ミッション	ドローンエンジニア養成塾 第10期フライトエクスペリエンス　DIY10 大矢さん 1/2	https://www.youtube.com/watch?v=X8152gl1iog	4
20250808	10	1	コプター|機体製作(ハード)|自律/ミッション	ドローンエンジニア養成塾 第10期フライトエクスペリエンス　DIY10 大矢さん 2/2	https://www.youtube.com/watch?v=W-9hFemnlao	8
20250808	10		ローバー|機体製作(ハード)|自律/ミッション	ドローンエンジニア養成塾 第10期フライトエクスペリエンス　DIY11 講師高山さん 1/2	https://www.youtube.com/watch?v=wrROmUrIJ5w	9
20250808	10		ローバー|機体製作(ハード)|自律/ミッション	ドローンエンジニア養成塾 第10期フライトエクスペリエンス　DIY11 講師高山さん 2/2	https://www.youtube.com/watch?v=wqDWs5tFcqE	7
20250808	10		コプター|機体製作(ハード)|プログラムチャレンジ|自律/ミッション	ドローンエンジニア養成塾 第10期フライトエクスペリエンス　DIY12 講師川村さん 1/2	https://www.youtube.com/watch?v=olMyhxwSe_M	5
20250808	10		コプター|機体製作(ハード)|プログラムチャレンジ|自律/ミッション	ドローンエンジニア養成塾 第10期フライトエクスペリエンス　DIY12 講師川村さん 2/2	https://www.youtube.com/watch?v=LH4U4bIlVCY	6
20250808	10		コプター|機体製作(ハード)|カメラ系	ドローンエンジニア養成塾 第10期フライトエクスペリエンス　DIY1３ 講師藤川さん	https://www.youtube.com/watch?v=MdHcb5m23ig	18
20250808	10		コプター|機体製作(ハード)|プログラムチャレンジ|カメラ系|自律/ミッション|シミュレータ	ドローンエンジニア養成塾 第10期フライトエクスペリエンス　DIY14 講師合作（川村さん・我田さん・高山さん）（こちらも一緒にみてください　https://youtu.be/fI66aFJz2AU）	https://www.youtube.com/watch?v=wl23x70VlDI	25
20250808	10	2	機体製作(ハード)|プログラムチャレンジ|カメラ系|Web系|コンパニオン|自律/ミッション|シミュレータ	第10期コース２MVP　小西さんインタビュー	https://www.youtube.com/watch?v=Ne0_kSgERyk	5
20250808			コプター|カメラ系|大型/産業機|自律/ミッション|障害物回避|測量/点検	アルデュエックス・ジャパン株式会社　設立にあたり　Randy Interview 1	https://www.youtube.com/watch?v=2CDttapr_Q0	412
20250808	11		Web系|自律/ミッション|障害物回避	ドローンエンジニア養成塾　１１期KickOff　DEMO1	https://www.youtube.com/watch?v=-JuY289mrx4	57
20250808	11		コプター|カメラ系|大型/産業機|自律/ミッション|障害物回避|農業|測量/点検	ドローンエンジニア養成塾第１１期KickOff DEMO2	https://www.youtube.com/watch?v=jo7q4XvvV18	20
20250808	11		コプター|自律/ミッション	ドローンエンジニア養成塾第１１期KickOff　DEMO3	https://www.youtube.com/watch?v=6IUYCMpducY	42
20250808	11		コプター|プログラムチャレンジ|カメラ系|Web系|コンパニオン|小型機	ドローンエンジニア養成塾第１１期KickOff　DEMO4	https://www.youtube.com/watch?v=VKxM1yZ5zus	45
20250808	11		コプター|カメラ系	ドローンエンジニア養成塾第１１期KickOff  DEMO5	https://www.youtube.com/watch?v=mLWH2GMk1R4	46
20250808	11		コプター|プログラムチャレンジ|カメラ系	ドローンエンジニア養成塾第１１期KickOff　DEMO6	https://www.youtube.com/watch?v=MAowG9F7-dI	72
20250808	11		プログラムチャレンジ|カメラ系|Web系|コンパニオン|自律/ミッション|障害物回避	ドローンエンジニア養成塾第１１期KickOff　DEMO7	https://www.youtube.com/watch?v=5xVjMj4ydQM	46
20250808			コプター|機体製作(ハード)|小型機|自律/ミッション	１・太田さん　自作４インチミニコプター　自動ミッション航行　1/2	https://www.youtube.com/watch?v=sa3cfuK8eLA	34
20250808			コプター|機体製作(ハード)|小型機|自律/ミッション	１・太田さん　自作４インチミニコプター　自動ミッション航行　2/2	https://www.youtube.com/watch?v=vsc7kUg0ZWI	27
20250808			コプター|機体製作(ハード)	2・川崎さん　オリジナルDIY＋CC　初航行　次に向けていざ！	https://www.youtube.com/watch?v=8XYaP_0Xmzc	40
20250808		3	コプター|プログラムチャレンジ|コンパニオン	３・山崎さん　一点継続指向航行（コース３チームNewFlightMode）1/2	https://www.youtube.com/watch?v=HB2v_elGp-8	24
20250808		3	コプター|プログラムチャレンジ|カメラ系	３・山崎さん　一点継続指向航行（コース３チームNewFlightMode）２/2	https://www.youtube.com/watch?v=PELiwxya3x8	36
20250808			プログラムチャレンジ|Web系|コンパニオン|自律/ミッション	４・山崎さん　ラズパイWifiサーバーにPCからオートミッション　1/2	https://www.youtube.com/watch?v=tq04-6OUY8s	16
20250808			Web系|コンパニオン|自律/ミッション	４・山崎さん　ラズパイWifiサーバーにPCからオートミッション　２/2	https://www.youtube.com/watch?v=ZL6yaBOclss	15
20250808	10		コプター|機体製作(ハード)	５・渋谷さん　３DプリンタIRIS　１０期から大いなる成長の巻	https://www.youtube.com/watch?v=cPe-aNAG8AA	39
20250808			カメラ系|コンパニオン	６・渋谷さん　IRIS with ラズパイ　アルコ追従航行	https://www.youtube.com/watch?v=gwzSP2dhjPg	35
20250808			コプター|機体製作(ハード)	７・青葉さん　初DIY445　安定の航行成功！　1/2	https://www.youtube.com/watch?v=9aeyP12A6-I	21
20250808			コプター|機体製作(ハード)	７・青葉さん　初DIY445　安定の航行成功！　2/2	https://www.youtube.com/watch?v=i-MeApW08wQ	22
20250808			コプター|機体製作(ハード)|カメラ系	8・伊藤さん　DIY初チャレンジ　次回に乞うご期待！	https://www.youtube.com/watch?v=sHiewnkb5dM	21
20250808			ローバー|カメラ系|障害物回避	９・太田さん　３６０カメラローバー　Obstacle Avoidance Bendy Ruler　1/2	https://www.youtube.com/watch?v=qRcRRotXoBE	23
20250808			ローバー|機体製作(ハード)|カメラ系|自律/ミッション|障害物回避	９・太田さん　３６０カメラローバー　Obstacle Avoidance Bendy Ruler　2/2	https://www.youtube.com/watch?v=1DoRaDLEdhs	25
20250808			コプター|非GPS|コンパニオン	10・渋谷さん　４４５ w/ラズパイ　T265 SLAM (Non GPS) フライト	https://www.youtube.com/watch?v=ak2YtIPHNUU	31
20250808			コプター|機体製作(ハード)	１１・鈴木さん　３DプリンターDIYフレーム　リベンジ達成！	https://www.youtube.com/watch?v=qX0IXn6iV9k	18
20250808			ローバー|機体製作(ハード)|RTK/高精度測位	１２・古橋さん　自作ローバーネットワークRTK自動走行　まもなく完成！	https://www.youtube.com/watch?v=nUflkA2Yqeg	24
20250808			自律/ミッション	１３・森山さん　SOLOにOrangeCube　オートミッション初成功！　1/2	https://www.youtube.com/watch?v=o3Eu7h9XhZ0	20
20250808			自律/ミッション	１３・森山さん　SOLOにOrangeCube　オートミッション初成功！　２/2	https://www.youtube.com/watch?v=eurvnmCHJNU	15
20250808			ローバー	１４・徳毛さん　ローバーオートまもなく完成　おじさまたちに支えられ！？	https://www.youtube.com/watch?v=2q6c5ytM-I4	29
20250808			プログラムチャレンジ	１５・阿部さん　DroneKitオートプログラム　３度めの正直	https://www.youtube.com/watch?v=P9UaZPRFS2c	21
20250808			ボート|自律/ミッション	１6・我田先生　ボートオートミッション・・・のはず！？	https://www.youtube.com/watch?v=_WQ7BGJhb2M	38
20250808			ボート	１７・川村先生　ボートチューニングレッスン	https://www.youtube.com/watch?v=b9eOiQ5ErpA	31
20250808	12		プログラムチャレンジ|非GPS|ローバー	ドローンエンジニア養成塾 第１２期キックオフデモ　藤川先生　（四足歩行ロボット＋NonGPS自己位置推定）	https://www.youtube.com/watch?v=j-XFcGr0OoM	24
20250808	12		ローバー	ドローンエンジニア養成塾 第１２期キックオフデモ　Randy先生　（技適取得済HereLinkによるローバーSカーブナビゲーション）	https://www.youtube.com/watch?v=RBcDvzM9IUo	20
20250808	12		ローバー|プログラムチャレンジ|Web系|コンパニオン|自律/ミッション	ドローンエンジニア養成塾 第１２期キックオフデモ　我田先生　（CO2濃度＋位置情報のローバー計測クラウドシステム）	https://www.youtube.com/watch?v=vHgM8-kIGa4	29
20250808	12		コプター|機体製作(ハード)	ドローンエンジニア養成塾 第１２期キックオフデモ　卒業生渋谷さん　（３DプリンターDIY IRIS　改良進化中）	https://www.youtube.com/watch?v=p7b5UKwH4fQ	20
20250808	12		ローバー|機体製作(ハード)|自律/ミッション	ドローンエンジニア養成塾 第１２期キックオフデモ　高山先生　（ラジコンローバーのAP制御  DIYの配慮点）1/2	https://www.youtube.com/watch?v=Od2LIPwqGZ0	14
20250808	12		ローバー|機体製作(ハード)|自律/ミッション	ドローンエンジニア養成塾 第１２期キックオフデモ　高山先生　（ラジコンローバーのAP制御  DIYの配慮点）2/2	https://www.youtube.com/watch?v=RdHijdlXce4	20
20250808	12		コプター|機体製作(ハード)|プログラムチャレンジ	ドローンエンジニア養成塾 第１２期キックオフデモ　川村先生　（Crash　 Recovery Mode!  ArduPilot Global Community 初公開　1/2	https://www.youtube.com/watch?v=CvMs3AhvkNg	22
20250808	12		コプター	ドローンエンジニア養成塾 第１２期キックオフデモ　川村先生　（Crash　 Recovery Mode!  ArduPilot Global Community 初公開　2/2	https://www.youtube.com/watch?v=3tgUDxc2Wjc	24
20250808	12		コプター|プログラムチャレンジ|非GPS|コンパニオン	ドローンエンジニア養成塾 第１２期キックオフデモ　卒業生渋谷さん　（４４５ w/ ラズパイ T265　SLAM NonGPS フライト)	https://www.youtube.com/watch?v=w_lud0D8-5A	19
20250808	12		コプター	ドローンエンジニア養成塾 第１２期キックオフデモ　卒業生川崎さん　（リベンジマッチ？　8羽ー＞7羽 ホバリング フライト)	https://www.youtube.com/watch?v=W8vyF1lWbvM	29
20250808	12		プログラムチャレンジ|カメラ系	ドローンエンジニア養成塾 第１２期キックオフデモ　卒業生渋谷さん　（アルコマーカー追随航行プログラム)	https://www.youtube.com/watch?v=zzsKR9S7OeU	19
20250808	12		コプター|機体製作(ハード)	ドローンエンジニア養成塾 第１２期キックオフデモ　卒業生大矢さん　（445 DIY 初フライト成功！)	https://www.youtube.com/watch?v=__hDHD9g8U8	24
20250808	12			ドローンエンジニア養成塾 第１２期キックオフデモ　川村先生＆Randy先生のメッセージ	https://www.youtube.com/watch?v=0AszUkUZM7c	24
20250808	12		コプター|機体製作(ハード)|自律/ミッション	ドローンエンジニア養成塾 第１２期フライトエクスペリエンスデモ　渡邊さん 1/2（450 DIY 初組みあげ・オートミッションフライト成功！)	https://www.youtube.com/watch?v=RXgCU6z7v-I	22
20250808	12		コプター|機体製作(ハード)|自律/ミッション	ドローンエンジニア養成塾 第１２期フライトエクスペリエンスデモ　渡邊さん 2/2（450 DIY 初組みあげ・オートミッションフライト成功！)	https://www.youtube.com/watch?v=zL_vmaQghsI	16
20250808	12		コプター|機体製作(ハード)|自律/ミッション	ドローンエンジニア養成塾 第１２期フライトエクスペリエンスデモ　山梨さん 1/2（450 DIY 初組みあげ・オートミッションフライト成功！)	https://www.youtube.com/watch?v=vnNxkEtP4H0	20
20250808	12		コプター|機体製作(ハード)|自律/ミッション	ドローンエンジニア養成塾 第１２期フライトエクスペリエンスデモ　山梨さん 2/2（450 DIY 初組みあげ・オートミッションフライト成功！)	https://www.youtube.com/watch?v=l9A6aCZznOU	14
20250808	12		コプター|機体製作(ハード)|カメラ系	ドローンエンジニア養成塾 第１２期フライトエクスペリエンスデモ　浅野さん 1/2（初組み上げにS500、無事安定航行。そして目標のシングルコプター制作に向けてGO！ )	https://www.youtube.com/watch?v=npRhVknHuQY	17
20250808	12		コプター|機体製作(ハード)	ドローンエンジニア養成塾 第１２期フライトエクスペリエンスデモ　浅野さん 2/2（初組み上げにS500、無事安定航行。そして目標のシングルコプター制作に向けてGO！ )	https://www.youtube.com/watch?v=DAVV9Gtw8Ns	17
20250808	12		コプター|機体製作(ハード)	ドローンエンジニア養成塾 第１２期フライトエクスペリエンスデモ　吉田さん 1/2（初組み上げにF550、調整中。まもなく完成！ )	https://www.youtube.com/watch?v=TE6xsnssn2g	18
20250808	12		コプター|機体製作(ハード)	ドローンエンジニア養成塾 第１２期フライトエクスペリエンスデモ　吉田さん 2/2（初組み上げにF550、調整中。まもなく完成！ )	https://www.youtube.com/watch?v=RNDDwnlqNhM	12
20250808	12		コプター|機体製作(ハード)	ドローンエンジニア養成塾 第１２期フライトエクスペリエンスデモ　菊池さん 1/2（初組み上げに”アーム収納式”コプター、調整中。乞うご期待！ )	https://www.youtube.com/watch?v=xkw8pXThhMo	13
20250808	12		コプター|機体製作(ハード)	ドローンエンジニア養成塾 第１２期フライトエクスペリエンスデモ　菊池さん 2/2（初組み上げに”アーム収納式”コプター、調整中。乞うご期待！ )	https://www.youtube.com/watch?v=PQjDOXGajfw	16
20250808	12		ローバー|機体製作(ハード)	ドローンエンジニア養成塾 第１２期フライトエクスペリエンスデモ　渡辺さん 1/2（初組み上げにローバー。PS4のゲームパッドをプロポに採用。徹底的にコストダウンさせた最安値ローバー完成！ )	https://www.youtube.com/watch?v=C9ee78aQj8U	18
20250808	12		ローバー|機体製作(ハード)	ドローンエンジニア養成塾 第１２期フライトエクスペリエンスデモ　渡辺さん 2/2（初組み上げにローバー。PS4のゲームパッドをプロポに採用。徹底的にコストダウンさせた最安値ローバー完成！ )	https://www.youtube.com/watch?v=xtX1AiqqNas	23
20250808	12		コプター|ローバー|機体製作(ハード)	ドローンエンジニア養成塾 第１２期フライトエクスペリエンスデモ　日笠さん＆山田さんチーム（走行中のローバーにコプター追従しつつ着陸。に向け鋭意奮闘中！ )	https://www.youtube.com/watch?v=mm394UjCP8A	21
20250808	12		ローバー|自律/ミッション	ドローンエンジニア養成塾 第１２期フライトエクスペリエンスデモ　山田さん（クローラーオートミッション走行にむけ調整中。乞うご期待！ )	https://www.youtube.com/watch?v=K6hpy7n80ZU	18
20250808	12		ローバー|機体製作(ハード)|プログラムチャレンジ|カメラ系|コンパニオン	ドローンエンジニア養成塾 第１２期フライトエクスペリエンスデモ　徳毛さん（ラズパイカメラがアルコマーカーを認識し自作ローバー始動！ドローンキットPythonプログラムデモ！)	https://www.youtube.com/watch?v=cu9XzYJ7CnQ	33
20250808	12		コプター|機体製作(ハード)	ドローンエンジニア養成塾 第１２期フライトエクスペリエンスデモ　中村さん（初組み上げ、初フライト、そして初操作！　日没ぎりぎりに間に合いました！)	https://www.youtube.com/watch?v=qbqsVbeldc4	23
20250808	12		コプター	ドローンエンジニア養成塾 第１２期フライトエクスペリエンスデモ　渋谷さん 1/2（渋谷さんのアルコマーカー追従システム進化版！前回のデモと一緒にご覧あれ	https://www.youtube.com/watch?v=bsdOeuGKsLI	20
20250808	12		コプター	ドローンエンジニア養成塾 第１２期フライトエクスペリエンスデモ　渋谷さん 2/2（渋谷さんのアルコマーカー追従システム進化版！前回のデモと一緒にご覧あれ	https://www.youtube.com/watch?v=cxIFNknumUA	34
20250808	12		コプター|機体製作(ハード)	ドローンエンジニア養成塾 第１２期フライトエクスペリエンスデモ　川村さん 1/2（世界初モーターインロックモード！）	https://www.youtube.com/watch?v=zBiNifiDaJM	18
20250808	12		コプター|機体製作(ハード)	ドローンエンジニア養成塾 第１２期フライトエクスペリエンスデモ　川村さん 2/2（世界初モーターインロックモード！）	https://www.youtube.com/watch?v=MbxQbMIkKNU	22
20250808	12	1	機体製作(ハード)|プログラムチャレンジ|カメラ系|Web系|自律/ミッション|測量/点検	ドローンエンジニア養成塾１２期　コース１　中村さんインタビュー	https://www.youtube.com/watch?v=J8JtkejzByM	71
20250808	12	1	カメラ系|Web系	ドローンエンジニア養成塾１２期　コース１　浅野さんインタビュー	https://www.youtube.com/watch?v=zMhuagBw_dU	36
20250808	12	3	ローバー|水中機|機体製作(ハード)|プログラムチャレンジ|障害物回避|シミュレータ	ドローンエンジニア養成塾１２期　コース３　Team "Grover" インタビューDEMO	https://www.youtube.com/watch?v=4_GiDT6BkVo	55
20250808	12	2	コプター|機体製作(ハード)|プログラムチャレンジ|カメラ系|Web系|自律/ミッション	ドローンエンジニア養成塾１２期　コース２　安河内さんインタビュ	https://www.youtube.com/watch?v=AMr7dOCYigE	49
20250808	12		コプター|プログラムチャレンジ|カメラ系	ドローンエンジニア養成塾１２期　総合MVP　山田さんインタビュ	https://www.youtube.com/watch?v=uRNG-SIxA2o	46
20250808	12		コプター|プログラムチャレンジ|Web系|自律/ミッション	ドローンエンジニア養成塾１２期　ArduPiot Script Generator!?  (山田さんDEMO)	https://www.youtube.com/watch?v=K3X2Ge-oHqM	43
20250808				ArduPilot	https://www.youtube.com/watch?v=mLL57w_rDjw	3
20250808	13		コプター|プログラムチャレンジ|自律/ミッション	１・Fast Decent by Randy (1/3)	https://www.youtube.com/watch?v=jV67Q0QBV7s	14
20250808			コプター	１・Fast Decent by Randy (2/3)	https://www.youtube.com/watch?v=yttRixnhEHk	13
20250808			コプター	１・Fast Decent by Randy (3/3)	https://www.youtube.com/watch?v=Kj1egUF0Jjk	11
20250808			コプター|機体製作(ハード)|プログラムチャレンジ|コンパニオン|マイクロ機	2. 環境monitoring solution (fc w/sensor to python program on CC) by DIY mini-copter By 我田先生（1/4)	https://www.youtube.com/watch?v=8B-TtH42IAw	10
20250808			コプター|機体製作(ハード)|プログラムチャレンジ|マイクロ機	2. 環境monitoring solution (fc w/sensor to python program on CC) by DIY mini-copter By 我田先生（2/4)	https://www.youtube.com/watch?v=gcRuKALQqhM	28
20250808			コプター|機体製作(ハード)|プログラムチャレンジ|マイクロ機	2. 環境monitoring solution (fc w/sensor to python program on CC) by DIY mini-copter By 我田先生（3/4)	https://www.youtube.com/watch?v=MFAljkksIak	12
20250808			コプター|機体製作(ハード)|プログラムチャレンジ|Web系|マイクロ機	2. 環境monitoring solution (fc w/sensor to python program on CC) by DIY mini-copter By 我田先生（4/4)	https://www.youtube.com/watch?v=1LsiewyXpok	7
20250808			コプター|機体製作(ハード)|カメラ系|小型機	3. 有線給電minicopter, 350v downed to 24v via converter → log analysis for trouble shooting By 太田さん(1/3)	https://www.youtube.com/watch?v=P3G7FSiQrJA	9
20250808			コプター|小型機	3. 有線給電minicopter, 350v downed to 24v via converter → log analysis for trouble shooting By 太田さん(2/3)	https://www.youtube.com/watch?v=8UFwOfZmJhI	12
20250808			コプター|小型機	3. 有線給電minicopter, 350v downed to 24v via converter → log analysis for trouble shooting By 太田さん(3/3)	https://www.youtube.com/watch?v=O8yHQms_ubk	29
20250808			コプター|機体製作(ハード)|カメラ系|非GPS	4. stable robustness oct copter for Indoor inspection, and aiming for non GPS auto By 山口さん　(1/3)	https://www.youtube.com/watch?v=0Svqg-yvLUE	16
20250808			コプター|非GPS	4. stable robustness oct copter for Indoor inspection, and aiming for non GPS auto By 山口さん　(2/3)	https://www.youtube.com/watch?v=wBPsV8g1S4k	17
20250808			コプター|カメラ系|非GPS|障害物回避	4. stable robustness oct copter for Indoor inspection, and aiming for non GPS auto By 山口さん　(3/3)	https://www.youtube.com/watch?v=gS8y3H-wedk	10
20250808			ローバー|水中機|カメラ系	５・ROVER guided mode following ArUco marker By 徳毛さん 1/3	https://www.youtube.com/watch?v=jhGet97QtAA	10
20250808			ローバー|水中機	５・ROVER guided mode following ArUco marker By 徳毛さん 2/3	https://www.youtube.com/watch?v=jF_hEqCQ-cw	16
20250808			ローバー|水中機|機体製作(ハード)	５・ROVER guided mode following ArUco marker By 徳毛さん 3/3	https://www.youtube.com/watch?v=Turecgozqrc	22
20250808			コプター|プログラムチャレンジ|カメラ系|コンパニオン	6-1. VIDEO processing (輪郭検出 & 2値化) via  drone  w/cc camera toward python team programming By 渋谷さん	https://www.youtube.com/watch?v=-iIyiZ3RwDo	9
20250808			コプター|機体製作(ハード)|プログラムチャレンジ|Web系|コンパニオン	７・ drone as IOT connected to cloud (non flightcode dependecy without cc by LUA script) By 川村さん	https://www.youtube.com/watch?v=-oNd149B75U	9
20250808			コプター|カメラ系	6-2・Virtual joy stick toward video control system By 渋谷さん	https://www.youtube.com/watch?v=kR8EooyKAYU	8
20250808			コプター|プログラムチャレンジ	8. flip mode!  (new flight mode) By 今野さん 1/2	https://www.youtube.com/watch?v=X1IrYodpb6M	12
20250808			ローバー|機体製作(ハード)|カメラ系|自律/ミッション	9. DIY apローバー fpv via herelink.By 高山さん	https://www.youtube.com/watch?v=SBmVjBNGIcA	29
20250808			コプター|プログラムチャレンジ	8. flip mode!  new flight mode By 今野さん 2/2	https://www.youtube.com/watch?v=wDBb7kmWVP8	27
20250808			コプター|非GPS	10. dead reckoning (fc/imuのみでのnonGPS!?) By Randy 1/4	https://www.youtube.com/watch?v=a8m9bzc3lBQ	7
20250808			コプター|プログラムチャレンジ|非GPS	10. dead reckoning (fc/imuのみでのnonGPS!?) By Randy 2/4	https://www.youtube.com/watch?v=WFvSBZ58wJQ	7
20250808			コプター|非GPS	10. dead reckoning (fc/imuのみでのnonGPS!?) By Randy 3/4	https://www.youtube.com/watch?v=NHe5EM8Bz5U	12
20250808			非GPS	10. dead reckoning (fc/imuのみでのnonGPS!?) By Randy 4/4	https://www.youtube.com/watch?v=6SSTENMo8oQ	20
20250808	13		コプター|機体製作(ハード)	CUBE ORANGE X500V2　初DIYチャレンジ完　豊住さん1/2	https://www.youtube.com/watch?v=Wdd-ALmp4h0	12
20250808	13		コプター|機体製作(ハード)	CUBE ORANGE X500V2　初DIYチャレンジ完　豊住さん2/2	https://www.youtube.com/watch?v=8G_J8FB9_Uo	13
20250808	13		コプター|機体製作(ハード)|マイクロ機|小型機	初DIYでSUB 100g Mini Copterにチャレンジ中　朝日さん	https://www.youtube.com/watch?v=qN3Ho43Bvfk	15
20250808	13		コプター|プログラムチャレンジ|自律/ミッション	DroneKit Pythonプログラミングチャレンジ　①スマート電池消費表示　②アームしてからの経過時間表示(デモ) @mission planner　吉里さん	https://www.youtube.com/watch?v=Z6irvK5-BpY	45
20250808	13		ローバー|機体製作(ハード)	DIYローバーの自動走行　全自動草刈り機を目指し！　塚田さん1/2	https://www.youtube.com/watch?v=gG7Pjddza_o	29
20250808	13		ローバー|機体製作(ハード)|自律/ミッション	DIYローバーの自動走行　全自動草刈り機を目指し！　塚田さん2/2	https://www.youtube.com/watch?v=s1VVasYdXDg	7
20250808	13		ローバー|機体製作(ハード)|プログラムチャレンジ	DIYローバーの自動走行　全自動草刈り機を目指し！　春原さん解説	https://www.youtube.com/watch?v=W46bqN1qz18	10
20250808	13		コプター|プログラムチャレンジ|自律/ミッション	Dronekit Python プログラミング　waypoint到着位置確認プログラム制作を通じ課題提言　猿山さん	https://www.youtube.com/watch?v=F_Q_2Qpl_Js	18
20250808	13		コプター|プログラムチャレンジ|自律/ミッション	Dronekit Python プログラミング　waypoint到着位置確認プログラム制作を通じ課題提言　藤川さん解説	https://www.youtube.com/watch?v=8X9o7i-TRaI	13
20250808	13		ローバー|機体製作(ハード)|障害物回避	史上初の8輪可変フレームクローラー！まずはご覧あれ。　太田さん1/2	https://www.youtube.com/watch?v=Y--w7pZ4MaQ	33
20250808	13		ローバー|機体製作(ハード)|カメラ系	史上初の8輪可変フレームクローラー！まずはご覧あれ。　太田さん2/2	https://www.youtube.com/watch?v=CBTBLKNtZ_s	10
20250808	13		ローバー|機体製作(ハード)|カメラ系|測量/点検	史上初の8輪可変フレームクローラー！まずはご覧あれ。　我田さん解説	https://www.youtube.com/watch?v=qDWItx8Xueg	7
20250808	13		コプター	ドローンエンジニア養成塾第１３期フライトエクスペリエンス　川村さん総評	https://www.youtube.com/watch?v=xLuIATO2JLk	6
20250808	13	1	Web系	ドローンエンジニア養成塾第１３期　コース１MVP　塚田浩生さん	https://www.youtube.com/watch?v=dBZl0NtoaTA	8
20250808	13	2	プログラムチャレンジ	ドローンエンジニア養成塾第１３期　コース２MVP　佐藤好行さん	https://www.youtube.com/watch?v=uFY4dMbeVgU	8
20250808	13	3	コプター|プログラムチャレンジ|カメラ系|Web系	ドローンエンジニア養成塾第１３期　コース３MVP 　伊豆知郁さん	https://www.youtube.com/watch?v=ByGuzbHh_vE	19
20250808	14		ローバー|機体製作(ハード)	第１４期キックオフデモ　１・山崎さん　自作メカナムホイールローバー&片手使いリモコン （TKKWorks 開発検討中）1/2	https://www.youtube.com/watch?v=hpXVQO_dOT0	65
20250808	14		ローバー|機体製作(ハード)	第１４期キックオフデモ　１・山崎さん　自作メカナムホイールローバー&片手使いリモコン（TKKWorks 開発検討中） 2/2	https://www.youtube.com/watch?v=flcGiE76uTE	32
20250808	14		コプター|機体製作(ハード)|大型/産業機|自律/ミッション|TAP-J	第１４期キックオフデモ　2・ランディ塾長　ペイロードプレイスミッションシステム　　(tapjチーム　JIC2022  遭難者救援物資搬送での応用)　1/3	https://www.youtube.com/watch?v=smHTf5Ia0ZE	24
20250808	14		コプター|機体製作(ハード)|大型/産業機|自律/ミッション|TAP-J	第１４期キックオフデモ　2・ランディ塾長　ペイロードプレイスミッションシステム　　(tapjチーム　JIC2022  遭難者救援物資搬送での応用)　2/3	https://www.youtube.com/watch?v=cB4v32O3nlA	19
20250808	14		大型/産業機|自律/ミッション|TAP-J|コプター	第１４期キックオフデモ　2・ランディ塾長　ペイロードプレイスミッションシステム　　(tapjチーム　JIC2022  遭難者救援物資搬送での応用)　3/3	https://www.youtube.com/watch?v=-fOyhKBzCv8	20
20250808	14		ローバー|プログラムチャレンジ|カメラ系|コンパニオン|自律/ミッション	第１４期キックオフデモ　３・我田さん　自動巡回監視ローバーシステム　プロト(1/1000のコストで実現！?)	https://www.youtube.com/watch?v=3bmzJCHYkFU	19
20250808	14		ローバー|機体製作(ハード)|カメラ系|コンパニオン|大型/産業機|TAP-J	第１４期キックオフデモ　４・川村さん　TAP-Jチーム　JIC2022 遭難者運搬救助ローバー解説 1/2	https://www.youtube.com/watch?v=gFjKJ9S2B9w	17
20250808	14		ローバー|機体製作(ハード)|カメラ系|大型/産業機|TAP-J	第１４期キックオフデモ　４・川村さん　TAP-Jチーム　JIC2022 遭難者運搬救助ローバー解説 2/2	https://www.youtube.com/watch?v=qLnOtT15R0k	16
20250808	14		ローバー|測量/点検	第１４期キックオフデモ　５・高山さん　TDR 測量用対空標識ローバー(開発中)	https://www.youtube.com/watch?v=WM-aaZFrHtE	25
20250808	14		コプター|プログラムチャレンジ	第１４期キックオフデモ　６・渋谷さん　ジオフェンス&ランド(オートフライトモード)	https://www.youtube.com/watch?v=QCeMYbnglC4	11
20250808	14		コプター	第１４期キックオフデモ　７・渋谷さん　基本フライト体験講習！	https://www.youtube.com/watch?v=h8rJToV7PRQ	13
20250808	14		コプター|プログラムチャレンジ	第１４期キックオフデモ　８・藤川さん　スプラインフライト(オートフライトモード)　1/3	https://www.youtube.com/watch?v=AMgrNqH0xBo	14
20250808	14		コプター|プログラムチャレンジ	第１４期キックオフデモ　８・藤川さん　スプラインフライト(オートフライトモード)　3/3	https://www.youtube.com/watch?v=PqGa-719Il8	10
20250808	14		コプター|プログラムチャレンジ|カメラ系	第１４期キックオフデモ　9・ランディ塾長 Newジンバルカメラ&飛行中撮影ポイントの位置情報表示システム　(LUA)  1/4	https://www.youtube.com/watch?v=dYRpPr-cRMI	11
20250808	14		コプター|プログラムチャレンジ|カメラ系	第１４期キックオフデモ　9・ランディ塾長 Newジンバルカメラ&飛行中撮影ポイントの位置情報表示システム　(LUA)  2/4	https://www.youtube.com/watch?v=kqpp0qnBhQk	10
20250808	14		コプター|プログラムチャレンジ|カメラ系	第１４期キックオフデモ　9・ランディ塾長 Newジンバルカメラ&飛行中撮影ポイントの位置情報表示システム　(LUA)  3/4	https://www.youtube.com/watch?v=f3mZRJYxGac	18
20250808	14		コプター|プログラムチャレンジ|カメラ系|自律/ミッション	第１４期キックオフデモ　9・ランディ塾長 Newジンバルカメラ&飛行中撮影ポイントの位置情報表示システム　(LUA)  4/4	https://www.youtube.com/watch?v=78wLh7xzptA	15
20250808			コプター	Loiter 停止精度check	https://www.youtube.com/watch?v=LkewKLL2azw	7
20250808	14		コプター|機体製作(ハード)	第１４期　Flight Experience  1・自作コプターチャレンジ中（室内飛行を目指して）竹田さん	https://www.youtube.com/watch?v=ZV9k3RcraMc	9
20250808	14		コプター|機体製作(ハード)	第１４期　Flight Experience  ２・自作コプター（狭小空間飛行を目指して）一戸さん	https://www.youtube.com/watch?v=eXEYh5QUKrc	8
20250808	14		ボート|機体製作(ハード)	第１４期　Flight Experience  ３・Boat To Boat Follow Mode 我田さん＆川村さん　1/2	https://www.youtube.com/watch?v=QXBOk0Elbcs	15
20250808	14		コプター|自律/ミッション	第１４期　Flight Experience  4・ArduPilot ヘキサデモ　レインボー野口さん	https://www.youtube.com/watch?v=vRvWOynFqb8	42
20250808	14		コプター	第１４期　Flight Experience  ５・小笠原の外来トカゲ駆除装置！？　レインボー野口さん	https://www.youtube.com/watch?v=kp1dqwJGkGc	19
20250808	14		ローバー|コンパニオン|自律/ミッション	第１４期　Flight Experience  ６・自律ローバーに向けて鋭意奮闘中！　四栁さん	https://www.youtube.com/watch?v=iWXJwQiKefQ	6
20250808	14		ローバー|機体製作(ハード)|プログラムチャレンジ	第１４期　Flight Experience  ７・DIYクローラにフライトモードにあわせた音楽！？（Pythonプログラミング 目視外でのフライト状況お知らせ機能を目指して）大島さん＆伊藤さん１/2	https://www.youtube.com/watch?v=7m_BHexdseE	14
20250808	14		コプター|機体製作(ハード)	第１４期　Flight Experience  8・DIYコプター完成！渡邉さん1/2	https://www.youtube.com/watch?v=QKhcwvHe8vY	6
20250808	14		コプター|プログラムチャレンジ	第１４期　Flight Experience  9・オリジナルフライトモード(YAW右90° 左90°）開発＆デモ！　渡邊さん 1/2	https://www.youtube.com/watch?v=x05y_lVW8v8	6
20250808	14		コプター|プログラムチャレンジ	第１４期　Flight Experience  9・オリジナルフライトモード(YAW右90° 左90°）開発＆デモ！　渡邊さん 2/2	https://www.youtube.com/watch?v=FxeFlyZ037w	17
20250808	14		コプター|プログラムチャレンジ	第１４期　Flight Experience  10・オリジナルフライトモード(ピッチ手前１０°）開発＆デモ！　晝間さん2/2	https://www.youtube.com/watch?v=q8pRe-su_7c	8
20250808	14		ローバー|機体製作(ハード)|カメラ系|自律/ミッション|測量/点検	第１４期　Flight Experience  11・TDR「測量用対空標識」の自動移動ローバー開発プロジェクト　進捗報告  高山さん	https://www.youtube.com/watch?v=GJa2SChSrHM	10
20250808	14		コプター|機体製作(ハード)|プログラムチャレンジ|自律/ミッション	第１４期　Flight Experience  12・奮闘中のDIYコプター　川村先生アドバイス Before After  高尾さん１/3	https://www.youtube.com/watch?v=e7LCpCduP5c	6
20250808	14		コプター|機体製作(ハード)|カメラ系|非GPS	第１４期　Flight Experience  1４・DIY小型コプター NonGPS安定ホバリングデモ（赤外線＆Visionセンサ オプティカルフロー) 我田さん	https://www.youtube.com/watch?v=PaoKB-03VAU	11
20250808	14	1	コプター	ドローンエンジニア養成塾第１４期　コース１　伊藤竜司さんMVP授賞式	https://www.youtube.com/watch?v=9S9KI_Z_xuY	15
20250808	14	2	コプター|機体製作(ハード)|プログラムチャレンジ|非GPS	ドローンエンジニア養成塾第１４期　コース２　竹田明弘さん MVP	https://www.youtube.com/watch?v=108bXB2ewqU	22
20250808	14	3	コプター|機体製作(ハード)|プログラムチャレンジ	ドローンエンジニア養成塾第１４期　コース３　一戸英男さん MVP	https://www.youtube.com/watch?v=amdoPO-zvfQ	5
20250808	15		ローバー|機体製作(ハード)|プログラムチャレンジ	第１５期　Flight Experience  1２・多脚ローバー 　藤川さん	https://www.youtube.com/watch?v=LPDrJQfEfuM	16
20250808	15		コプター|非GPS|シミュレータ	第１５期　Flight Experience  1１の１・フリップモード　野村さん	https://www.youtube.com/watch?v=TzHPV55FQu4	10
20250808	15		コプター	第１５期　Flight Experience  1１の２・フリップモード　野村さん	https://www.youtube.com/watch?v=uPLYw4TBRYI	13
20250808	15		コプター|機体製作(ハード)	第１５期　Flight Experience  1０の１・初組み上げ初フライト　永田さん	https://www.youtube.com/watch?v=dMbL56CGlFg	20
20250808	15		コプター|機体製作(ハード)	第１５期　Flight Experience  1０の２・初組み上げ初フライト　永田さん	https://www.youtube.com/watch?v=cQgQ0YK0UcQ	16
20250808	15		コプター|プログラムチャレンジ|自律/ミッション|シミュレータ	第１５期　Flight Experience  1０・LUAアクロバット背面回転飛行　シミュレーション　朝隈さん	https://www.youtube.com/watch?v=PpAd1ckHjbg	20
20250808	15		プログラムチャレンジ|自律/ミッション	第１５期　Flight Experience  ９・Pythonプログラムオートミッション　勝田さん	https://www.youtube.com/watch?v=Se1G3Ygc5Yc	14
20250808	15		プログラムチャレンジ|自律/ミッション	第１５期　Flight Experience  ８・Pythonプログラムオートミッション　宇留賀さん	https://www.youtube.com/watch?v=Vhv-lAqkLTI	20
20250808	15		プログラムチャレンジ|自律/ミッション	第１５期　Flight Experience  ７・Pythonプログラムオートミッション　水野さん	https://www.youtube.com/watch?v=zgFLXFaY-yg	34
20250808	15		ローバー|機体製作(ハード)|自律/ミッション	第１５期　Flight Experience  ６・ローバーオートミッションまもなく！　倉本さん	https://www.youtube.com/watch?v=X9kAVDQIPl4	13
20250808	15		コプター|機体製作(ハード)|非GPS|測量/点検	第１５期　Flight Experience  ５・狭小空間点検ドローン鋭意開発中！　中村さん	https://www.youtube.com/watch?v=QJ9TqE1gcSM	22
20250808	15		コプター|機体製作(ハード)|カメラ系|自律/ミッション|測量/点検	第１５期　Flight Experience  ４・恒例の？自律稼働型対空標識　アップデート　高山さん	https://www.youtube.com/watch?v=C4AIYG3cwSI	10
20250808	15		コプター	第１５期　Flight Experience  ３－１・４４５蘇生中！　井出さん	https://www.youtube.com/watch?v=w5Qs4xXxBtY	16
20250808	15		コプター	第１５期　Flight Experience  ３－２・４４５蘇生中！　井出さん	https://www.youtube.com/watch?v=Qq750zFLWr0	28
20250808	15		コプター|機体製作(ハード)	第１５期　Flight Experience  ２・初国産FC組み上げ　まもなく完成！　荒井さん	https://www.youtube.com/watch?v=BkKLwhHV3ic	14
20250808	15		コプター	第１５期　Flight Experience  １・オクトコプターチューニング　課題解決に光！　大竹さん	https://www.youtube.com/watch?v=AhhWiAa0yVE	23
20250808			コプター|プログラムチャレンジ|カメラ系|非GPS|自律/ミッション	ドローン室内自動飛行ソリューション	https://www.youtube.com/watch?v=1SrMgIzX1T8	580
20250808	16		ローバー|機体製作(ハード)	ドローンエンジニア養成塾１６期　「自作コンセプトローバー」　before     1/3 高山先生	https://www.youtube.com/watch?v=Jhk5tY13gJQ	17
20250808	16		ローバー|機体製作(ハード)	ドローンエンジニア養成塾１６期　「自作コンセプトローバー」　before     2/3 高山先生	https://www.youtube.com/watch?v=ftXsg424WuA	9
20250808	16		ローバー|機体製作(ハード)|カメラ系|自律/ミッション	ドローンエンジニア養成塾１６期　「自作コンセプトローバー」　after     3/3 高山先生	https://www.youtube.com/watch?v=lq0om87Fu4A	5
20250808	16		コンパニオン|自律/ミッション|ローバー	ドローンエンジニア養成塾１６期  「目視外航行ドローン.インターネット遠隔管理システムの仕組み」　1/2 我田先生	https://www.youtube.com/watch?v=gUH-z8JXXfA	18
20250808	16		Web系|自律/ミッション|ローバー	ドローンエンジニア養成塾１６期  「目視外航行ドローン.インターネット遠隔管理システムの仕組み」　2/2 我田先生	https://www.youtube.com/watch?v=3wxUyO3zpzs	4
20250808	16		ローバー|機体製作(ハード)|カメラ系|自律/ミッション|TAP-J	ドローンエンジニア養成塾１６期  「JIC2023 TAPJ 駆けつけ救助ローバー」　渋谷先生&川村先生	https://www.youtube.com/watch?v=8aHINlVSAZY	12
20250808	16		ローバー|機体製作(ハード)|カメラ系	ドローンエンジニア養成塾１６期「RtoS社　新型ローバーのご紹介」	https://www.youtube.com/watch?v=bRePlDotEKo	10
20250808	16		コプター|プログラムチャレンジ|自律/ミッション	ドローンエンジニア養成塾１６期 「コプター各種フライトモード」　1/2  渋谷先生	https://www.youtube.com/watch?v=ND79xORE5H0	6
20250808	16		コプター|機体製作(ハード)|プログラムチャレンジ|カメラ系|自律/ミッション	ドローンエンジニア養成塾１６期 「コプター各種フライトモード」　2/2  渋谷先生	https://www.youtube.com/watch?v=PQkFRSHxdiU	8
20250808	16		コプター|プログラムチャレンジ|カメラ系	ドローンエンジニア養成塾１６期「XACTIカメラ搭載コプター　Mount-POI　Luaスクリプトアプリケーション」　1/2 ランディ先生	https://www.youtube.com/watch?v=jhBbzgw5Igc	20
20250808	16		コプター|プログラムチャレンジ|カメラ系|自律/ミッション	ドローンエンジニア養成塾１６期「XACTIカメラ搭載コプター　Mount-POI　Luaスクリプトアプリケーション」　2/2 ランディ先生	https://www.youtube.com/watch?v=3Lmt2nL_ehM	17
20250808	16		コプター|機体製作(ハード)	ドローンエンジニア養成塾16期　Flight Experience： DIYチャレンジ 　1/2  大河原さん	https://www.youtube.com/watch?v=xR0gfIhhHAU	39
20250808	16		コプター|機体製作(ハード)	ドローンエンジニア養成塾16期　Flight Experience： DIYチャレンジ 　2/2  大河原さん	https://www.youtube.com/watch?v=htHerbgx5uE	20
20250808	16		コプター|機体製作(ハード)	ドローンエンジニア養成塾16期　Flight Experience： DIYチャレンジ 　1/3  河畠さん	https://www.youtube.com/watch?v=taKjimDW8Lc	16
20250808	16		プログラムチャレンジ|自律/ミッション	ドローンエンジニア養成塾16期　Flight Experience： プログラムミッションチャレンジ 　2/2  金子さん	https://www.youtube.com/watch?v=2g3of75n9rA	16
20250808	16		プログラムチャレンジ|自律/ミッション|コプター	ドローンエンジニア養成塾16期　Flight Experience： プログラムミッションチャレンジ 　2/2  塚本さん	https://www.youtube.com/watch?v=ExpRP-nO5wg	17
20250808	17		コプター|自律/ミッション	ドローンエンジニア養成塾１７期 Day４ フライトエクスペリエンス 　川村先生　1・２	https://www.youtube.com/watch?v=_jg-dzi192w	11
20250808	17		コプター	ドローンエンジニア養成塾１７期 Day４ フライトエクスペリエンス 　川村先生　２・２	https://www.youtube.com/watch?v=m6_Eqq1yLVE	9
20250808	17		コプター|コンパニオン	ドローンエンジニア養成塾１７期 Day４ フライトエクスペリエンス 　塩浜さん 「ドローンショーを北海道で」を夢見て模索格闘中！　1/2	https://www.youtube.com/watch?v=F7_2pF7vODo	6
20250808			コプター|機体製作(ハード)|カメラ系|Web系|コンパニオン|小型機|大型/産業機|障害物回避	Quick （クイック）v 1 0 ArduPilot ミニコプター	https://www.youtube.com/watch?v=b3X9vlyNRLo	400
20250808	19		ローバー|機体製作(ハード)|プログラムチャレンジ|カメラ系|Web系|非GPS|自律/ミッション	ドローンエンジニア養成塾１９期  RANDY先生 1/2	https://www.youtube.com/watch?v=WKhJPK2SjRs	15
20250808	19		ローバー|機体製作(ハード)|カメラ系|非GPS|障害物回避|RTK/高精度測位|測量/点検	ドローンエンジニア養成塾１９期  太田さん 1/3	https://www.youtube.com/watch?v=a0wmfzzOvzc	6
20250808	19		コプター|ローバー|水中機|プログラムチャレンジ|Web系|コンパニオン	ドローンエンジニア養成塾１９期  我田先生 1/2	https://www.youtube.com/watch?v=PdvvgzbaYvs	7
20250808	19		ローバー|機体製作(ハード)|非GPS|自律/ミッション|障害物回避|RTK/高精度測位|測量/点検	ドローンエンジニア養成塾１９期  太田さん 2/3	https://www.youtube.com/watch?v=U5Xu-nRcJg0	3
20250808	19		プレーン|大型/産業機	ドローンエンジニア養成塾１９期  小宮さん 2/2	https://www.youtube.com/watch?v=o-ngTbigfUo	13
20250808	19		ローバー|機体製作(ハード)|プログラムチャレンジ|カメラ系|非GPS|自律/ミッション	ドローンエンジニア養成塾１９期  ランディ先生 2/2	https://www.youtube.com/watch?v=kuDp7ok2SlM	10
20250808	19		コプター|ローバー|水中機|プログラムチャレンジ|Web系|コンパニオン	ドローンエンジニア養成塾１９期  我田先生 2/2	https://www.youtube.com/watch?v=crflSlUEmy8	6
20250808	19		コプター|非GPS	ドローンエンジニア養成塾１９期  渋谷先生 2/2	https://www.youtube.com/watch?v=lUODN6umx5g	6
20250808	19		ローバー|カメラ系|非GPS|障害物回避|測量/点検	ドローンエンジニア養成塾１９期  太田さん 3/3	https://www.youtube.com/watch?v=Mq5LkW6HY6I	8
20250808	19		コプター|プログラムチャレンジ|カメラ系|自律/ミッション	ドローンエンジニア養成塾第１９期 フライトエクスペリエンス　森田さん 1/2	https://www.youtube.com/watch?v=CoqW1LtyvGs	32
20250808	19		コプター|機体製作(ハード)|自律/ミッション	ドローンエンジニア養成塾第１９期 フライトエクスペリエンス　坂本さん 2/3	https://www.youtube.com/watch?v=ho-iSSD15vA	11
20250527			コプター|プログラムチャレンジ|カメラ系|非GPS|コンパニオン|自律/ミッション|障害物回避|測量/点検	「Indoor Quick」v. 2. 0　ドローン屋内自動航行カスタムソリューション	https://www.youtube.com/watch?v=mMszp4FmDhU	351
20250225			プログラムチャレンジ	「デジドロ」農業支援者向けドローン研修サービス	https://www.youtube.com/watch?v=2cQBWdqUZ-E	147
20250224	18	3	機体製作(ハード)|プログラムチャレンジ|非GPS	ドローンエンジニア養成塾 １８期　卒業生インタビュー 坂本さん（コース３）	https://www.youtube.com/watch?v=pP_V5JDw8ZU	72
20250224	18	2	機体製作(ハード)|プログラムチャレンジ|障害物回避	ドローンエンジニア養成塾 １８期　卒業生インタビュー 向井さん（コース２）	https://www.youtube.com/watch?v=_ihK61gwE_c	51
20250224	18	1	機体製作(ハード)|大型/産業機|自律/ミッション	ドローンエンジニア養成塾 １８期　卒業生インタビュー 豊島さん（コース１）	https://www.youtube.com/watch?v=WvoH6Mbc7dY	42
20241225	18		コプター|機体製作(ハード)|プログラムチャレンジ|自律/ミッション	ドローンエンジニア養成塾１８期 Day４ フライトエクスペリエンス 　坂本さん　２・２	https://www.youtube.com/watch?v=Ax37q9h-Cp0	59
20241225	18		ローバー|機体製作(ハード)|カメラ系|コンパニオン|自律/ミッション|障害物回避	ドローンエンジニア養成塾１８期 Day４ フライトエクスペリエンス 　向井さん　２・２	https://www.youtube.com/watch?v=vYxuNCKuuss	44
20241225	18		ヘリ|機体製作(ハード)	ドローンエンジニア養成塾１８期 Day４ フライトエクスペリエンス 　渋谷先生	https://www.youtube.com/watch?v=LdVTOSkMpJQ	136
20241225	18		ローバー|機体製作(ハード)|カメラ系|コンパニオン|自律/ミッション	ドローンエンジニア養成塾１８期 Day４ フライトエクスペリエンス 　我田先生　２・２	https://www.youtube.com/watch?v=55NR-_V8UMk	83
20241225	18		コプター|機体製作(ハード)	ドローンエンジニア養成塾１８期 Day４ フライトエクスペリエンス 　稲葉さん　２・２	https://www.youtube.com/watch?v=xMrw0iwECVE	86
20241225	18		コプター|機体製作(ハード)|プログラムチャレンジ|自律/ミッション	ドローンエンジニア養成塾１８期 Day４ フライトエクスペリエンス 　木村さん　２・２	https://www.youtube.com/watch?v=f60SKyIjAE0	51
20241225	18		コプター|機体製作(ハード)|自律/ミッション	ドローンエンジニア養成塾１８期 Day４ フライトエクスペリエンス 　豊島さん　２・２	https://www.youtube.com/watch?v=S3VLXbwlnXg	45
20241212				APDC in Kaga （ArduPilot Developers Conference 2024) Digest Long ver.	https://www.youtube.com/watch?v=WfPfI2-GRLI	262
20241211				APDC in Kaga （ArduPilot Developers Conference 2024) Digest	https://www.youtube.com/watch?v=dRGBYJdbm4Q	44
20241112	18		コプター|機体製作(ハード)|非GPS|自律/ミッション|障害物回避|マイクロ機	ドローンエンジニア養成塾１８期 Day１ 我田先生 DEMO	https://www.youtube.com/watch?v=hR0H0Avn50E	34
20241112	18		コプター|非GPS|自律/ミッション	ドローンエンジニア養成塾１８期 Day１ Randy先生 DEMO Part2	https://www.youtube.com/watch?v=EyiERAT2Rh8	37
20241112	18		コプター|カメラ系|自律/ミッション	ドローンエンジニア養成塾１８期 Day１ 渋谷先生 DEMO Part2	https://www.youtube.com/watch?v=BOYlqG9yWDI	27
20241112	18		プログラムチャレンジ|カメラ系|自律/ミッション	ドローンエンジニア養成塾１８期 Day１ 渋谷先生 DEMO Part1 1.3	https://www.youtube.com/watch?v=yKmgpM7L5cs	27
20241112	18		コプター|ローバー	ドローンエンジニア養成塾１８期 Day１ Randy先生 DEMO Part1 2.3	https://www.youtube.com/watch?v=VgZEDBw4T9s	75
20241112	18		コプター|ローバー	ドローンエンジニア養成塾１８期 Day１ Randy先生 DEMO Part1 1.3	https://www.youtube.com/watch?v=vGkQNadH0XU	24
20241112	18		プログラムチャレンジ|Web系|コンパニオン|ローバー	ドローンエンジニア養成塾１８期 Day１ 藤川先生 DEMO Part２	https://www.youtube.com/watch?v=gUaEBBq2jqc	54
20241112	18		コプター|プログラムチャレンジ|自律/ミッション	ドローンエンジニア養成塾１８期 Day１ 村田さんDEMO 1.3	https://www.youtube.com/watch?v=Cl7WMUK9rsE	47
20241112	18		ローバー|機体製作(ハード)|RTK/高精度測位	ドローンエンジニア養成塾１８期 Day１ 太田さんDEMO 3.3	https://www.youtube.com/watch?v=fsqmUtylGKU	43
20241112	18		ローバー|機体製作(ハード)|RTK/高精度測位	ドローンエンジニア養成塾１８期 Day１ 太田さんDEMO 1.3	https://www.youtube.com/watch?v=1SA2xxAc7n4	102
20240812	17		機体製作(ハード)|カメラ系|大型/産業機	ドローンエンジニア養成塾１７期　修了生インタビュー（川崎寛昭さん）	https://www.youtube.com/watch?v=0EiO8vujfdQ	116
20240812	17		コプター|機体製作(ハード)|プログラムチャレンジ|自律/ミッション|障害物回避|シミュレータ	ドローンエンジニア養成塾 １７期生　Safety First!  (成果作品)	https://www.youtube.com/watch?v=OE8zAKVUzz8	58
20240807	17	2	機体製作(ハード)|プログラムチャレンジ|カメラ系|Web系	ドローンエンジニア養成塾 17期　卒業生インタビュー 塩浜さん（コース２）	https://www.youtube.com/watch?v=FWT9bRDSvJ4	554
20240807	17	1	機体製作(ハード)|プログラムチャレンジ|コンパニオン	ドローンエンジニア養成塾 17期　卒業生インタビュー 青木さん（コース１）	https://www.youtube.com/watch?v=lE468_rOa-U	243
20240708	17		コプター	ドローンエンジニア養成塾１７期 Day４ フライトエクスペリエンス 　青木さん 初めてのフライトチャレンジ！　２/2	https://www.youtube.com/watch?v=9SD8dpk08fY	62
20240708	17		コプター	ドローンエンジニア養成塾１７期 Day４ フライトエクスペリエンス 　青木さん 初めてのフライトチャレンジ！　1/2	https://www.youtube.com/watch?v=J25Y3uqyKGM	66
20240708	17		コプター	ドローンエンジニア養成塾１７期 Day４ フライトエクスペリエンス 　渋谷先生	https://www.youtube.com/watch?v=Sdd51KlbeqI	25
20240708	17		コプター|自律/ミッション	ドローンエンジニア養成塾１７期 Day４ フライトエクスペリエンス 　川崎さん　オートチューニング２・２	https://www.youtube.com/watch?v=veLFhi9Q3ck	21
20240708	17		コプター|機体製作(ハード)|自律/ミッション	ドローンエンジニア養成塾１７期 Day４ フライトエクスペリエンス 　川崎さん　オートチューニング１・２	https://www.youtube.com/watch?v=XzBQJs7VMVU	41
20240708	17		コプター|機体製作(ハード)|プログラムチャレンジ	ドローンエンジニア養成塾１７期 Day４ フライトエクスペリエンス 　川崎さん　モーター正常回転”数”チェックプログラム	https://www.youtube.com/watch?v=XRvr8RBxnkU	143
20240604			コプター|Web系	DOP SUITE™（ドップ スイート）	https://www.youtube.com/watch?v=CmUMMJ9Te7k	128
20240604				D.O.P. ドローン・オープンプラットフォーム・プロジェクト　2024	https://www.youtube.com/watch?v=qSxLNMIGBsQ	134
20240527	17		コプター|機体製作(ハード)|カメラ系|コンパニオン|小型機	ドローンエンジニア養成塾１７期 Day１ 荒川さん DEMO	https://www.youtube.com/watch?v=oewhNtsl1TU	34
20240527	17		コプター|Web系	ドローンエンジニア養成塾１７期 Day１ Randy先生 DEMO	https://www.youtube.com/watch?v=uijEVmGVo8g	100
20240527	17		ローバー|カメラ系|Web系|コンパニオン|自律/ミッション|RTK/高精度測位	ドローンエンジニア養成塾１７期 Day１ 川村先生DEMO	https://www.youtube.com/watch?v=uVZZN_mUrtE	82
20240527	17		ローバー|機体製作(ハード)|カメラ系|コンパニオン|自律/ミッション	ドローンエンジニア養成塾１７期 Day１ 我田先生DEMO 2/2	https://www.youtube.com/watch?v=df1U67Cv69M	54
20240527	17		ローバー|コンパニオン|自律/ミッション	ドローンエンジニア養成塾１７期 Day１ 我田先生DEMO 1/2	https://www.youtube.com/watch?v=UNNzVecbP9g	23
20240527	17		コプター|プログラムチャレンジ|自律/ミッション|測量/点検	ドローンエンジニア養成塾１７期 Day１ 渋谷先生DEMO	https://www.youtube.com/watch?v=AocqS3B2ls8	87
20240513			コプター|機体製作(ハード)|プログラムチャレンジ|カメラ系|Web系|コンパニオン|自律/ミッション	ドローンエンジニア養成塾　講師座談会	https://www.youtube.com/watch?v=A5FIZrUf_yc	205
20240513		3	コプター|機体製作(ハード)|プログラムチャレンジ|自律/ミッション|シミュレータ	渋谷雅樹先生　コース３紹介	https://www.youtube.com/watch?v=WtzgRkwJluc	117
20240513		2	コプター|プログラムチャレンジ|カメラ系|Web系|コンパニオン|障害物回避	藤川秀行先生　コース２紹介	https://www.youtube.com/watch?v=kR0E2R4Q_P4	159
20240513		1	コプター|機体製作(ハード)|自律/ミッション	我田友史先生　コース１紹介	https://www.youtube.com/watch?v=m5xWbkSOukw	168
20240201	16		機体製作(ハード)|大型/産業機	ドローンエンジニア養成塾第１６期　修了生インタビュー　金子丈一郎さん	https://www.youtube.com/watch?v=AR0xmAuPhiQ	138
20231218	16		プログラムチャレンジ|カメラ系	ドローンエンジニア養成塾16期　Flight Experience： Python＆OpenCV アルコマーカー検知システム 　2/2  渋谷先生　#ドローンエンジニア ＃ドローンプログラミング	https://www.youtube.com/watch?v=FIeYU8-9pcI	50
20231218	16		プログラムチャレンジ|カメラ系	ドローンエンジニア養成塾16期　Flight Experience： Python＆OpenCV アルコマーカー検知システム 　1/2  渋谷先生　#ドローンエンジニア ＃ドローンプログラミング	https://www.youtube.com/watch?v=wP20CUZyhr8	68
20231218	16		コプター|プログラムチャレンジ|Web系|コンパニオン|自律/ミッション	ドローンエンジニア養成塾16期　Flight Experience： CCのフライトモード表示＆テレメトリー機能活用 　我田先生　#ドローンエンジニア ＃ドローンプログラミング	https://www.youtube.com/watch?v=a86tWhnRfiY	64
20231218	16		コプター|プログラムチャレンジ|Web系|自律/ミッション|シミュレータ	ドローンエンジニア養成塾16期　Flight Experience： ChatGPTを使ったコマンドラインからの操作 　藤川先生　＃Chat GPT 　#ドローンエンジニア ＃ドローンプログラミング	https://www.youtube.com/watch?v=0z2A1Rz-RoY	84
20230828	15	2	プログラムチャレンジ|Web系	ドローンエンジニア養成塾第１５期　コース２　宇留賀さんインタビュー	https://www.youtube.com/watch?v=kZfAYRjMAAo	139
20230828	15	2	コプター|機体製作(ハード)|プログラムチャレンジ	ドローンエンジニア養成塾第１５期　コース２　MVP　宇留賀さん	https://www.youtube.com/watch?v=2gB1OnDtEgA	127
20230828	15	3	プログラムチャレンジ|カメラ系|Web系|自律/ミッション|シミュレータ	ドローンエンジニア養成塾第１５期　コース３　朝隈さんインタビュー	https://www.youtube.com/watch?v=AXBlKHEB3Q0	89
20230828	15	3	コプター|プログラムチャレンジ|Web系|シミュレータ	ドローンエンジニア養成塾第１５期　コース３　MVP　朝隈さんのシミュレーションデモ（SNAP ROLLアクロバットモード）	https://www.youtube.com/watch?v=qmjic2xAebo	72
20230828	15	3	コプター|プログラムチャレンジ|シミュレータ	ドローンエンジニア養成塾第１５期　コース３　MVP　朝隈さん	https://www.youtube.com/watch?v=HclCcXbL8yc	46
20230828			コプター	ArduPilotによる初ドローンショー！＠札幌　２０２３年８月２５日 #ドローンエンジニア  #ドローンショー #ドローンプログラミング	https://www.youtube.com/watch?v=RiYS8kyU_04	170
20230801			カメラ系	９・９　DEMO　DOPHUB活用例 マルチクライアント対応のHDストリーミング　川村先生	https://www.youtube.com/watch?v=dfERp6kznfQ	58
20230801			コプター|カメラ系|Web系|大型/産業機	９・９　DEMO前編　DOPHUB活用例 マルチクライアント対応のHDストリーミング　川村先生	https://www.youtube.com/watch?v=7zrW4lqG9Wo	33
20230801			カメラ系	９・９　DOPHUB活用例 マルチクライアント対応のHDストリーミング　川村先生	https://www.youtube.com/watch?v=RABArnobDTw	23
20230801			コプター|プログラムチャレンジ|カメラ系|Web系|コンパニオン|自律/ミッション|マイクロ機	８・９　CC Webストリーミング→GCSでの人物検知 　我田先生	https://www.youtube.com/watch?v=fUdmmQaDl2E	46
20230801			プログラムチャレンジ|ローバー	７・９　DEMO  ４足歩行ロボット（複数サーボのLUA制御） 藤川先生	https://www.youtube.com/watch?v=e9H2T0UXpwA	89
20230801			プログラムチャレンジ	６・９　DEMO  アルコマーカー追従プログラム航行 渋谷先生	https://www.youtube.com/watch?v=P3rOILP86Ww	47
20230801			プログラムチャレンジ	６・９　アルコマーカー追従プログラム航行 渋谷先生	https://www.youtube.com/watch?v=bC6i5_Nfivo	56
20230801	15		コプター|マイクロ機|小型機	５・９　DEMO Sub100g Minicopter 土木さん（１５期）	https://www.youtube.com/watch?v=xn8XygjmbCs	29
20230801	15		コプター|機体製作(ハード)|マイクロ機|小型機	５・９　Sub100g Minicopter 土木さん（１５期）	https://www.youtube.com/watch?v=sUtqYxkKyJ4	25
20230801	10		ヘリ|自律/ミッション	４・９　DEMO　ArduPilotシングルヘリ 初披露 奥野さん（１０期）	https://www.youtube.com/watch?v=LoNzufUeMD4	550
20230801	10		ヘリ	４・９　前座DEMO？　ArduPilotシングルヘリ 初披露 奥野さん（１０期）	https://www.youtube.com/watch?v=pjaw_e-FDl8	104
20230801	11		コプター|プログラムチャレンジ	３・９　DEMO  操縦＆テレメ統合プロポ　TKKWorks山崎さん　（１１期）	https://www.youtube.com/watch?v=RSdJzIakZsM	139
20230801	11		カメラ系|大型/産業機|自律/ミッション	３・９　操縦＆テレメ統合プロポ　TKKWorks山崎さん　（１１期）	https://www.youtube.com/watch?v=JRJsCKsjpJY	192
20230801	14		ローバー	２・９　DEMO  ラジコン→ArduPilot自動草刈り機完成　創造社竹田さん（１４期）	https://www.youtube.com/watch?v=V7CY7ufDD2E	921
20230801	14		ローバー	２・９　ラジコン→ArduPilot自動草刈り機完成　創造社竹田さん（１４期）	https://www.youtube.com/watch?v=QopUtEjBcxQ	237
20230801	14		コプター	１・９　DEMO 本邦初公開！ドローンショー用新型（PX4→）ArduPilot機　DSJ社中山さん（１４期＆１５期）	https://www.youtube.com/watch?v=SZJZcZc2UAo	339
20230622			コプター|機体製作(ハード)|カメラ系|Web系	DOP（ドップ プロジェクト)  DOP SUITE & DOP HUB	https://www.youtube.com/watch?v=PDX9Db2TlCA	149
20230622			大型/産業機	DOP（ドップ プロジェクト) & 各社対応製品サービス	https://www.youtube.com/watch?v=mwCmlY4q3yc	191
20230608				ドローンエンジニア養成塾　決意発表 中山僚太さん２/２	https://www.youtube.com/watch?v=ukL7341nCc8	60
20230608			コプター|非GPS	ドローンエンジニア養成塾　決意発表 中山僚太さん１/２	https://www.youtube.com/watch?v=aAJ5KXc20l0	70
20230608			コプター	ドローンエンジニア養成塾　成果発表 小宮光裕さん５/５	https://www.youtube.com/watch?v=SG7PtJlk2sc	39
20230608				ドローンエンジニア養成塾　成果発表 小宮光裕さん３/５	https://www.youtube.com/watch?v=317_f82A2rA	133
20230608			コプター	ドローンエンジニア養成塾　成果発表 小宮光裕さん２/５	https://www.youtube.com/watch?v=Q3Jec9BWhQg	76
20230608			カメラ系|自律/ミッション	ドローンエンジニア養成塾　成果発表 小宮光裕さん１/５	https://www.youtube.com/watch?v=4HjoXO4UhJ0	109
20230608			コプター|プログラムチャレンジ|シミュレータ	ドローンエンジニア養成塾　成果発表 渋谷雅樹さん	https://www.youtube.com/watch?v=zZE22-VasAE	65
20230608			コプター|プログラムチャレンジ|Web系	ドローンエンジニア養成塾　成果発表 藤川秀行さん	https://www.youtube.com/watch?v=ZuYE1Hh5ZDI	47
20230608			コプター|機体製作(ハード)|カメラ系|コンパニオン|自律/ミッション|障害物回避	ドローンエンジニア養成塾　成果発表 我田友史さん	https://www.youtube.com/watch?v=EYZARPSHSvA	37
20230608				ドローンエンジニア養成塾　成果発表 川村剛さん ２/２	https://www.youtube.com/watch?v=2JyM4AV3H7U	59
20230608			コプター|RTK/高精度測位	ドローンエンジニア養成塾　成果発表 川村剛さん １/２	https://www.youtube.com/watch?v=vpavmPanXzM	66
20230608			コプター|機体製作(ハード)|大型/産業機	ドローンエンジニア養成塾　成果発表 五百部達也・勝至さん	https://www.youtube.com/watch?v=p9o7EQaZ8FY	413
20230608			コプター|プログラムチャレンジ|カメラ系|Web系|コンパニオン|自律/ミッション|シミュレータ	ドローンエンジニア養成塾　成果発表  松本威さん	https://www.youtube.com/watch?v=eh-MhPUdxwo	59
20230608			コプター|プログラムチャレンジ|カメラ系|自律/ミッション	ドローンエンジニア養成塾　成果発表  山﨑大仁郎さん	https://www.youtube.com/watch?v=chRLhop69Ng	66
20230608			コプター|自律/ミッション	ドローンエンジニア養成塾　成果発表 Randy Machay 2	https://www.youtube.com/watch?v=srF20AvZCAo	25
20230608			コプター|自律/ミッション	ドローンエンジニア養成塾　成果発表　Randy Machay 1	https://www.youtube.com/watch?v=odpS1V-9YgU	60
20230608			プログラムチャレンジ|カメラ系|コンパニオン|自律/ミッション	ドローンエンジニア養成塾　成果発表 Randy	https://www.youtube.com/watch?v=r_GLEU6aImc	99
20230325			コプター|機体製作(ハード)|プログラムチャレンジ|カメラ系|Web系|コンパニオン|大型/産業機|自律/ミッション|測量/点検	「テーマ：改正法後、故のArduPilotの価値！」	https://www.youtube.com/watch?v=Ha9mDXY92n0	220
20230323			コプター|機体製作(ハード)	「改正法後、故のArduPilotを学ぶ意味」　ドローンエンジニア養成塾 オペレーションコース講師　高山先生	https://www.youtube.com/watch?v=IGsorCuXZqg	253
20230205		3	コプター|機体製作(ハード)|プログラムチャレンジ|カメラ系|Web系|非GPS|自律/ミッション|シミュレータ	渋谷先生 （ドローンエンジニア養成塾 コース３講師）	https://www.youtube.com/watch?v=bYXCrcJvFM0	71
20230205		2	コプター|機体製作(ハード)|プログラムチャレンジ|Web系|コンパニオン|自律/ミッション|シミュレータ	藤川先生 (ドローンエンジニア養成塾 コース２講師）	https://www.youtube.com/watch?v=VR6Chu_P0Vo	76
20230205		1	コプター|自律/ミッション|測量/点検	我田先生 (ドローンエンジニア養成塾 コース１講師）	https://www.youtube.com/watch?v=ETHJ9kSoJ2w	45
20230205		1	コプター|機体製作(ハード)|Web系|自律/ミッション|測量/点検	高山先生 (ドローンエンジニア養成塾 コース１講師）	https://www.youtube.com/watch?v=sw2qkzzyLQc	85
20230205			コプター|機体製作(ハード)|プログラムチャレンジ|大型/産業機	川村先生(ドローンエンジニア養成塾 講師リード）	https://www.youtube.com/watch?v=Xu2xNdbkIbc	113
20230203	14	2	機体製作(ハード)|プログラムチャレンジ|障害物回避	ドローンエンジニア養成塾第１４期　コース２　竹田明弘さん　インタビュー	https://www.youtube.com/watch?v=eIkpaKRQL40	282
20230109	14	3	プログラムチャレンジ|Web系	ドローンエンジニア養成塾第１４期　コース３　一戸英男さん　インタビュー	https://www.youtube.com/watch?v=ThmeGBJHJ74	98
20230109	14	3	コプター|プログラムチャレンジ|Web系|自律/ミッション	ドローンエンジニア養成塾第１４期　MVP成果発表　一戸さん	https://www.youtube.com/watch?v=TMHB-yW4SYY	57
20230109	14	1	カメラ系	ドローンエンジニア養成塾第１４期　コース１　伊藤竜司さん　インタビュー	https://www.youtube.com/watch?v=c6q0fbdxLL8	166
20221220			コプター|機体製作(ハード)|プログラムチャレンジ|カメラ系|Web系|非GPS|自律/ミッション|障害物回避|シミュレータ|測量/点検	めざせ！　ドローンエンジニア　チャンネル　第１５回	https://www.youtube.com/watch?v=7ycPzXetkYc	122
20221214				ドローン・ジャパン７周年を迎え	https://www.youtube.com/watch?v=U9A92DZT9Lg	71
20221120			ローバー|機体製作(ハード)|プログラムチャレンジ|カメラ系|Web系|コンパニオン|自律/ミッション|障害物回避|測量/点検	めざせ！　ドローンエンジニア　チャンネル　第１４回	https://www.youtube.com/watch?v=AYB_Gj02iB4	172
20221106			コプター|機体製作(ハード)|プログラムチャレンジ|カメラ系|大型/産業機|農業|測量/点検|TAP-J	めざせ！　ドローンエンジニア　チャンネル　第１３回	https://www.youtube.com/watch?v=y35ZXEQO_7U	52
20221015			コプター|プログラムチャレンジ|カメラ系|Web系|大型/産業機|自律/ミッション|障害物回避|農業|測量/点検	めざせ！　ドローンエンジニア　チャンネル　第１２回	https://www.youtube.com/watch?v=Xhhw5aRqfCU	71
20221002			コプター|機体製作(ハード)|プログラムチャレンジ|Web系|大型/産業機|自律/ミッション|農業|測量/点検	めざせ！　ドローンエンジニア　チャンネル　第１１回	https://www.youtube.com/watch?v=f63qapqmXDY	156
20220920	11		ローバー|機体製作(ハード)|プログラムチャレンジ|カメラ系|Web系|非GPS|大型/産業機|自律/ミッション|シミュレータ|測量/点検|TAP-J	めざせ！　ドローンエンジニア　チャンネル　第１０回	https://www.youtube.com/watch?v=7amHqszH7t8	119
20220904	11		ローバー|プログラムチャレンジ|カメラ系|Web系|大型/産業機|自律/ミッション|測量/点検	めざせ！　ドローンエンジニア　チャンネル　第９回	https://www.youtube.com/watch?v=L_G3s2np7Zs	128
20220821	11		ローバー|機体製作(ハード)|プログラムチャレンジ|カメラ系|Web系|コンパニオン|自律/ミッション|測量/点検	めざせ！　ドローンエンジニア　チャンネル　第８回	https://www.youtube.com/watch?v=pcgMRwpKa2Q	147
20220812	13	1	自律/ミッション	ドローンエンジニア養成塾第１３期　コース１卒業生　塚田浩生さんインタビュー	https://www.youtube.com/watch?v=wU7mofuscnA	138
20220812	13	3	機体製作(ハード)|プログラムチャレンジ	ドローンエンジニア養成塾第１３期　コース３卒業生 　伊豆知郁さんインタビュー	https://www.youtube.com/watch?v=wW7d7PAiNSc	78
20220812	13	2	農業	ドローンエンジニア養成塾第１３期　コース２卒業生　佐藤好行さんインタビュー	https://www.youtube.com/watch?v=LFCdzmUIsSo	59
20220718	11		ローバー|機体製作(ハード)|プログラムチャレンジ|カメラ系|Web系|大型/産業機|自律/ミッション|RTK/高精度測位|農業|測量/点検	めざせ！　ドローンエンジニア　チャンネル　第７回	https://www.youtube.com/watch?v=ka1YXXGQ-dk	142
20220703	11		ローバー|機体製作(ハード)|プログラムチャレンジ|カメラ系|Web系|大型/産業機|自律/ミッション|測量/点検	めざせ！　ドローンエンジニア　チャンネル　第６回	https://www.youtube.com/watch?v=cgyPgd4PDho	157
20220618	12		ローバー|機体製作(ハード)|プログラムチャレンジ|カメラ系|Web系|自律/ミッション|測量/点検	めざせ！　ドローンエンジニア　チャンネル　第５回	https://www.youtube.com/watch?v=ur_MdmXTjq0	182
20220605	11		ローバー|機体製作(ハード)|プログラムチャレンジ|カメラ系|大型/産業機|自律/ミッション|農業|測量/点検	めざせ！　ドローンエンジニア　チャンネル　第４回	https://www.youtube.com/watch?v=xJ-toJpKKLI	187
20220521	11		コプター|ローバー|機体製作(ハード)|プログラムチャレンジ|カメラ系|Web系|非GPS|コンパニオン|大型/産業機|自律/ミッション|農業|測量/点検	めざせ！　ドローンエンジニア　チャンネル　第３回	https://www.youtube.com/watch?v=c_Qsvo5IsWg	175
20220509	11		ローバー|機体製作(ハード)|プログラムチャレンジ|カメラ系|非GPS|マイクロ機|大型/産業機|自律/ミッション|測量/点検	めざせ！ ドローンエンジニア　チャンネル　第２回	https://www.youtube.com/watch?v=fZHHkbTeonU	187
20220417	11		ローバー|機体製作(ハード)|プログラムチャレンジ|カメラ系|Web系|大型/産業機|自律/ミッション|農業|測量/点検	めざせ！ ドローンエンジニア　チャンネル　第1回	https://www.youtube.com/watch?v=89BW7PhjAZg	510
20220326			コプター|機体製作(ハード)|プログラムチャレンジ|カメラ系|Web系|コンパニオン|大型/産業機|自律/ミッション|障害物回避|シミュレータ|測量/点検	ドローンエンジニア養成塾　講師座談会（２０２２年度）	https://www.youtube.com/watch?v=3FRDY6nXoZE	247
20210924	12			ドローンエンジニア養成塾第１２期　新カリキュラム一部紹介	https://www.youtube.com/watch?v=wk1XSNSBCgQ	151
20210924	12		コプター|機体製作(ハード)|プログラムチャレンジ|カメラ系|障害物回避|RTK/高精度測位|測量/点検	ドローンエンジニア養成塾第１２期　講師座談会	https://www.youtube.com/watch?v=0sQr_LBlwBc	176
20210814	11		プログラムチャレンジ|Web系	ドローンエンジニア養成塾第11期 徳毛さん 特別賞	https://www.youtube.com/watch?v=DwrCBGyYyYg	69
20210814	11		大型/産業機	ドローンエンジニア養成塾第11期  徳毛さん  インタビュー	https://www.youtube.com/watch?v=A2lyaRtAYCA	205
20210814	11	2	コプター|コンパニオン	ドローンエンジニア養成塾第11期コース２ 川崎さん MVP	https://www.youtube.com/watch?v=n0BP9TvvhRs	34
20210814	11	2	機体製作(ハード)	ドローンエンジニア養成塾第11期コース２ 川崎さん インタビュー	https://www.youtube.com/watch?v=n-7MmY5cPEg	48
20210814	11	3	プログラムチャレンジ|Web系|シミュレータ	ドローンエンジニア養成塾第11期 CHURAMARINEチーム　コース３ MVT Presentation	https://www.youtube.com/watch?v=oUVnlmZZMZk	62
20210814	11	3	機体製作(ハード)|プログラムチャレンジ|シミュレータ	ドローンエンジニア養成塾第11期 CHURAMARINEチーム コース３ MVT インタビュー	https://www.youtube.com/watch?v=ynJ0lpUeT00	76
20210814	11	1	コプター|機体製作(ハード)|カメラ系|Web系|小型機	ドローンエンジニア養成塾第11期 太田さん コース１ MVP	https://www.youtube.com/watch?v=M2WVP-JoVh4	49
20210814	11		機体製作(ハード)|カメラ系|小型機|障害物回避	ドローンエンジニア養成塾第11期 太田さん インタビュー	https://www.youtube.com/watch?v=YHYOYUPF43Q	40
20210814	11			ドローンエンジニア養成塾第11期 山崎さん 総合MVP	https://www.youtube.com/watch?v=SGLmsvAxyxw	35
20210814	11		プログラムチャレンジ|Web系	ドローンエンジニア養成塾第11期 山崎さん インタビュー	https://www.youtube.com/watch?v=P-ianRuawrY	31
20210419		2	コプター|機体製作(ハード)|プログラムチャレンジ	ドローンエンジニア養成塾　リード講師　川村剛	https://www.youtube.com/watch?v=UE6pkS9BFl8	172
20210416				下村さん インタビュー	https://www.youtube.com/watch?v=98qX1-rUGD8	137
20210416	10	2	コプター|カメラ系|コンパニオン	ドローンエンジニア養成塾第１０期　小西淳一さん	https://www.youtube.com/watch?v=BuUS9IVK1dE	77
20210416	10	1	コプター|機体製作(ハード)|大型/産業機|自律/ミッション|農業	ドローンエンジニア養成塾第１０期　庄司博孝さん	https://www.youtube.com/watch?v=UG8n0I4EV_g	95
20210416	10	3	コプター|自律/ミッション	ドローンエンジニア養成塾第１０期　三原孝さん	https://www.youtube.com/watch?v=101JwqQ33tE	59
20210416	10	1	コプター|機体製作(ハード)|障害物回避	ドローンエンジニア養成塾第１０期　鈴木健太さん	https://www.youtube.com/watch?v=M_xzZaUTvxM	56
20210416		2	コプター|機体製作(ハード)|プログラムチャレンジ|Web系|コンパニオン|マイクロ機|小型機|シミュレータ	ドローンエンジニア養成塾　講師　藤川秀行	https://www.youtube.com/watch?v=J-SH6Bx5GNg	94
20210412		1	測量/点検	ドローンエンジニア養成塾　講師　高山誠一	https://www.youtube.com/watch?v=JcOVrm-Ltac	69
20210412		1	コプター|機体製作(ハード)|Web系|コンパニオン|自律/ミッション	ドローンエンジニア養成塾　講師　我田友史	https://www.youtube.com/watch?v=cydG3x4GohI	108
20210410			コプター|機体製作(ハード)|プログラムチャレンジ|カメラ系|コンパニオン|マイクロ機|自律/ミッション|RTK/高精度測位|測量/点検	ドローンエンジニア養成塾　2021年度講師座談会	https://www.youtube.com/watch?v=WnqVgqq8O7g	168
20201119			農業	DJアグリサービス	https://www.youtube.com/watch?v=Mxvuhlgv3Ig	212
20201101			ローバー|プログラムチャレンジ|カメラ系|自律/ミッション	ArduPilot多脚モード！？本邦初公開　by Drone Japan	https://www.youtube.com/watch?v=ak9LE2-SyhA	341
20200919			コプター|機体製作(ハード)|カメラ系|Web系|非GPS|コンパニオン|自律/ミッション|障害物回避|RTK/高精度測位|測量/点検	ドローンエンジニア養成塾 講師座談会　2020・秋冬	https://www.youtube.com/watch?v=HjgopMhh6zg	189
20200813			コプター|機体製作(ハード)|プログラムチャレンジ|カメラ系|マイクロ機|小型機	ドローンエンジニア養成塾講師　2020年度 藤川さん	https://www.youtube.com/watch?v=UXmhwqrn9rI	103
20200804	9		機体製作(ハード)	ドローンエンジニア養成塾　２０２０年春夏（９期）池田さんインタビュー	https://www.youtube.com/watch?v=2mjTj_e21-A	27
20200802	9	1	機体製作(ハード)|プログラムチャレンジ|Web系|自律/ミッション|障害物回避|シミュレータ	ドローンエンジニア養成塾　２０２０年春夏（９期）　卒業生 浅井さんインタビュー	https://www.youtube.com/watch?v=WVUZcNAyYxQ	413
20200801	9	1	機体製作(ハード)|カメラ系|自律/ミッション	ドローンエンジニア養成塾　２０２０年春夏（９期）　大矢さんインタビュー	https://www.youtube.com/watch?v=pNXB2vqNPHQ	55
20200320			コプター|機体製作(ハード)|プログラムチャレンジ|自律/ミッション	ドローンエンジニア養成塾講師　2020年度 扇さん	https://www.youtube.com/watch?v=fQaVsEVwyW0	81
20200320			コプター|機体製作(ハード)|プログラムチャレンジ|Web系|自律/ミッション	ドローンエンジニア養成塾講師リーダー　2020年度 川村さん	https://www.youtube.com/watch?v=vCb6iLkO7qw	129
20200320			コプター|機体製作(ハード)|カメラ系|自律/ミッション|測量/点検	ドローンエンジニア養成塾講師　2020年度 高山さん	https://www.youtube.com/watch?v=83nkZnco3Ao	137
20200320			コプター|機体製作(ハード)|測量/点検	ドローンエンジニア養成塾講師　2020年度 我田さん	https://www.youtube.com/watch?v=37II0nxTrO8	120
20200320			コプター|カメラ系|Web系|障害物回避|シミュレータ|測量/点検	ドローンエンジニア養成塾講師　2020年度スタートにあたり　語り合い　第1回	https://www.youtube.com/watch?v=NI4Qtyh5G3Y	302
20200318			コプター|機体製作(ハード)|プログラムチャレンジ|カメラ系|Web系|コンパニオン|大型/産業機|自律/ミッション|障害物回避|RTK/高精度測位|測量/点検	ドローン・ジャパン社主催　ドローンエンジニア養成塾　ドローンソフトウェアエンジニアを目指す	https://www.youtube.com/watch?v=SgbYaYZq5WI	640
20200318			コプター|機体製作(ハード)|プログラムチャレンジ|カメラ系|Web系|大型/産業機|自律/ミッション|障害物回避|農業|測量/点検	ドローン・ジャパン社主催　ドローンエンジニア養成塾　プロオぺレータを目指す	https://www.youtube.com/watch?v=wFOjDaZDuYQ	418
20190821			農業	DJ アグリサービス	https://www.youtube.com/watch?v=_FsukQyPTro	535
20190720	7	1	機体製作(ハード)|大型/産業機	「ドローンエンジニア養成塾」卒業生インタビュー　藤川さん	https://www.youtube.com/watch?v=-TtGx15bXr8	258
20190714			カメラ系|農業	ドローン・ジャパン 篤農家インタビュー 仲田さん	https://www.youtube.com/watch?v=aJm26flYSzc	117
20190708	5		測量/点検	「ドローンエンジニア養成塾」卒業生インタビュー 高山さん	https://www.youtube.com/watch?v=Vz-VZbrUiSU	166
20190708	7	1	プログラムチャレンジ|自律/ミッション|障害物回避|測量/点検	「ドローンエンジニア養成塾」卒業生インタビュー 原本さん	https://www.youtube.com/watch?v=WvkMwb_09wQ	148
20190708	7	2	プログラムチャレンジ|自律/ミッション	「ドローンエンジニア養成塾」 卒業生 インタビュー土屋さん	https://www.youtube.com/watch?v=V9tLJZH3ynE	21
20181128			大型/産業機|農業	市川さんPV	https://www.youtube.com/watch?v=ozol_05rz9U	221
20181030				辻さんPV	https://www.youtube.com/watch?v=RPc1axPNLTo	89
20181030				本山さんPV	https://www.youtube.com/watch?v=cOoMGEJMweo	100
20181009	4		機体製作(ハード)|プログラムチャレンジ|Web系|自律/ミッション	「ドローンエンジニア養成塾」卒業生インタビュー 我田さん	https://www.youtube.com/watch?v=NFNvU8QdmPw	230
20170305			カメラ系|自律/ミッション|農業	DroneRice PV Global version	https://www.youtube.com/watch?v=AptbUcfMBWI	181
20161010			カメラ系|大型/産業機|自律/ミッション|農業	ドローンジャパンが描く、農業へのドローン活用	https://www.youtube.com/watch?v=0daxQsx_oZk	10104
20160324			プレーン	Ardupilot Projects   VTOL	https://www.youtube.com/watch?v=Guy59kakdZQ	1350
20160324			コプター	Precision Landing	https://www.youtube.com/watch?v=78_6X8kUO5k	344
20160324			プレーン	Multi Vehicle 50 planes	https://www.youtube.com/watch?v=Tle-DNFHDRY	258
20160324			コプター	Throw Mode	https://www.youtube.com/watch?v=RAtbI2lMx0k	430
